"Applicant Name","Document Type","Old Filename","New Filename","Old Path","New Path",Status
"Mon Zhairel Lingasa",2x2,X867bBOpFte0Btee6zbx7PaidoBy1kqpQ1hsW5Om.png,2x2_16_LINGASA_MON.png,documents/16/X867bBOpFte0Btee6zbx7PaidoBy1kqpQ1hsW5Om.png,documents/16_LINGASA_MON/2x2/2x2_16_LINGASA_MON.png,Success
"Mon Zhairel Lingasa",affidavit,affidavit-undertaking-20260520041310.pdf,affidavit_16_LINGASA_MON.pdf,documents/16/affidavit-undertaking-20260520041310.pdf,documents/16_LINGASA_MON/affidavit/affidavit_16_LINGASA_MON.pdf,Success
"Khadija A Ali",payment_proof,test_downpayment.png,N/A,receipts/test_downpayment.png,N/A,"File Missing on Disk"
"Hana B Rasul",payment_proof,test_downpayment.png,N/A,receipts/test_downpayment.png,N/A,"File Missing on Disk"
"Mariam C Sali",payment_proof,test_downpayment.png,N/A,receipts/test_downpayment.png,N/A,"File Missing on Disk"
"Ameer D Sali",payment_proof,test_downpayment.png,N/A,receipts/test_downpayment.png,N/A,"File Missing on Disk"
"Hana E Pindaton",payment_proof,test_downpayment.png,N/A,receipts/test_downpayment.png,N/A,"File Missing on Disk"
"Mohammad F Macarambon",payment_proof,test_downpayment.png,N/A,receipts/test_downpayment.png,N/A,"File Missing on Disk"
"Mohammad G Macarambon",payment_proof,test_downpayment.png,N/A,receipts/test_downpayment.png,N/A,"File Missing on Disk"
"Ameer H Macarambon",payment_proof,test_downpayment.png,N/A,receipts/test_downpayment.png,N/A,"File Missing on Disk"
"Fatima I Ampatuan",payment_proof,test_downpayment.png,N/A,receipts/test_downpayment.png,N/A,"File Missing on Disk"
"Yusuf J Ampatuan",payment_proof,test_downpayment.png,N/A,receipts/test_downpayment.png,N/A,"File Missing on Disk"
"Ameer K Macarambon",payment_proof,test_downpayment.png,N/A,receipts/test_downpayment.png,N/A,"File Missing on Disk"
"Khadija L Rasul",payment_proof,test_downpayment.png,N/A,receipts/test_downpayment.png,N/A,"File Missing on Disk"
"Omar M Bashier",payment_proof,test_downpayment.png,N/A,receipts/test_downpayment.png,N/A,"File Missing on Disk"
"Yusuf N Bashier",payment_proof,test_downpayment.png,N/A,receipts/test_downpayment.png,N/A,"File Missing on Disk"
"Omar O Pindaton",payment_proof,test_downpayment.png,N/A,receipts/test_downpayment.png,N/A,"File Missing on Disk"
"Ibrahim P Pindaton",payment_proof,test_downpayment.png,N/A,receipts/test_downpayment.png,N/A,"File Missing on Disk"
"Aisha Q Pindaton",payment_proof,test_downpayment.png,N/A,receipts/test_downpayment.png,N/A,"File Missing on Disk"
"Khadija R Musa",payment_proof,test_downpayment.png,N/A,receipts/test_downpayment.png,N/A,"File Missing on Disk"
"Omar S Musa",payment_proof,test_downpayment.png,N/A,receipts/test_downpayment.png,N/A,"File Missing on Disk"
"Jamila T Musa",payment_proof,test_downpayment.png,N/A,receipts/test_downpayment.png,N/A,"File Missing on Disk"
"Jamila U Abdullah",payment_proof,test_downpayment.png,N/A,receipts/test_downpayment.png,N/A,"File Missing on Disk"
"Omar V Ibrahim",payment_proof,test_downpayment.png,N/A,receipts/test_downpayment.png,N/A,"File Missing on Disk"
"Khadija W Ebrahim",payment_proof,test_downpayment.png,N/A,receipts/test_downpayment.png,N/A,"File Missing on Disk"
"Jamila X Ebrahim",payment_proof,test_downpayment.png,N/A,receipts/test_downpayment.png,N/A,"File Missing on Disk"
"Khadija Y Ebrahim",payment_proof,test_downpayment.png,N/A,receipts/test_downpayment.png,N/A,"File Missing on Disk"
"Sofia Z Ali",payment_proof,test_downpayment.png,N/A,receipts/test_downpayment.png,N/A,"File Missing on Disk"
"Ameer A Rasul",payment_proof,test_downpayment.png,N/A,receipts/test_downpayment.png,N/A,"File Missing on Disk"
"Nora B Macarambon",payment_proof,test_downpayment.png,N/A,receipts/test_downpayment.png,N/A,"File Missing on Disk"
"Khadija C Macarambon",payment_proof,test_downpayment.png,N/A,receipts/test_downpayment.png,N/A,"File Missing on Disk"
"Fatima D Lingasa",payment_proof,test_downpayment.png,N/A,receipts/test_downpayment.png,N/A,"File Missing on Disk"
"Nora E Ampatuan",payment_proof,test_downpayment.png,N/A,receipts/test_downpayment.png,N/A,"File Missing on Disk"
"Ibrahim F Ampatuan",payment_proof,test_downpayment.png,N/A,receipts/test_downpayment.png,N/A,"File Missing on Disk"
"Fatima G Ampatuan",payment_proof,test_downpayment.png,N/A,receipts/test_downpayment.png,N/A,"File Missing on Disk"
"Ameer H Hassan",payment_proof,test_downpayment.png,N/A,receipts/test_downpayment.png,N/A,"File Missing on Disk"
"Fatima I Hassan",payment_proof,test_downpayment.png,N/A,receipts/test_downpayment.png,N/A,"File Missing on Disk"
"Ibrahim J Musa",payment_proof,test_downpayment.png,N/A,receipts/test_downpayment.png,N/A,"File Missing on Disk"
"Ahmad K Ampatuan",payment_proof,test_downpayment.png,N/A,receipts/test_downpayment.png,N/A,"File Missing on Disk"
"Nora L Lingasa",payment_proof,test_downpayment.png,N/A,receipts/test_downpayment.png,N/A,"File Missing on Disk"
"Ibrahim M Lingasa",payment_proof,test_downpayment.png,N/A,receipts/test_downpayment.png,N/A,"File Missing on Disk"
"Ameer N Rasul",payment_proof,test_downpayment.png,N/A,receipts/test_downpayment.png,N/A,"File Missing on Disk"
"Nora O Rasul",payment_proof,test_downpayment.png,N/A,receipts/test_downpayment.png,N/A,"File Missing on Disk"
"Yusuf P Rasul",payment_proof,test_downpayment.png,N/A,receipts/test_downpayment.png,N/A,"File Missing on Disk"
"Mohammad Q Bashier",payment_proof,test_downpayment.png,N/A,receipts/test_downpayment.png,N/A,"File Missing on Disk"
"Yusuf R Macarambon",payment_proof,test_downpayment.png,N/A,receipts/test_downpayment.png,N/A,"File Missing on Disk"
"Fatima S Macarambon",payment_proof,test_downpayment.png,N/A,receipts/test_downpayment.png,N/A,"File Missing on Disk"
"Mohammad T Dimaporo",payment_proof,test_downpayment.png,N/A,receipts/test_downpayment.png,N/A,"File Missing on Disk"
"Jamila U Abdullah",payment_proof,test_downpayment.png,N/A,receipts/test_downpayment.png,N/A,"File Missing on Disk"
"Ahmad V Ampatuan",payment_proof,test_downpayment.png,N/A,receipts/test_downpayment.png,N/A,"File Missing on Disk"
"Sofia W Ampatuan",payment_proof,test_downpayment.png,N/A,receipts/test_downpayment.png,N/A,"File Missing on Disk"
"Omar X Ampatuan",payment_proof,test_downpayment.png,N/A,receipts/test_downpayment.png,N/A,"File Missing on Disk"
"Jamila Y Rasul",payment_proof,test_downpayment.png,N/A,receipts/test_downpayment.png,N/A,"File Missing on Disk"
"Nora Z Abdullah",payment_proof,test_downpayment.png,N/A,receipts/test_downpayment.png,N/A,"File Missing on Disk"
"Nora A Lingasa",payment_proof,test_downpayment.png,N/A,receipts/test_downpayment.png,N/A,"File Missing on Disk"
"Omar B Lingasa",payment_proof,test_downpayment.png,N/A,receipts/test_downpayment.png,N/A,"File Missing on Disk"
"Yusuf C Bashier",payment_proof,test_downpayment.png,N/A,receipts/test_downpayment.png,N/A,"File Missing on Disk"
"Khadija D Pindaton",payment_proof,test_downpayment.png,N/A,receipts/test_downpayment.png,N/A,"File Missing on Disk"
"Khadija E Pindaton",payment_proof,test_downpayment.png,N/A,receipts/test_downpayment.png,N/A,"File Missing on Disk"
"Nora F Pindaton",payment_proof,test_downpayment.png,N/A,receipts/test_downpayment.png,N/A,"File Missing on Disk"
"Khadija G Dimaporo",payment_proof,test_downpayment.png,N/A,receipts/test_downpayment.png,N/A,"File Missing on Disk"
"Fatima H Dimaporo",payment_proof,test_downpayment.png,N/A,receipts/test_downpayment.png,N/A,"File Missing on Disk"
"Omar I Pindaton",payment_proof,test_downpayment.png,N/A,receipts/test_downpayment.png,N/A,"File Missing on Disk"
"Fatima J Ali",payment_proof,test_downpayment.png,N/A,receipts/test_downpayment.png,N/A,"File Missing on Disk"
"Fatima K Bashier",payment_proof,test_downpayment.png,N/A,receipts/test_downpayment.png,N/A,"File Missing on Disk"
"Fatima L Bashier",payment_proof,test_downpayment.png,N/A,receipts/test_downpayment.png,N/A,"File Missing on Disk"
"Yusuf M Sali",payment_proof,test_downpayment.png,N/A,receipts/test_downpayment.png,N/A,"File Missing on Disk"
"Yusuf N Sali",payment_proof,test_downpayment.png,N/A,receipts/test_downpayment.png,N/A,"File Missing on Disk"
"Jamila O Sali",payment_proof,test_downpayment.png,N/A,receipts/test_downpayment.png,N/A,"File Missing on Disk"
"Mohammad P Macarambon",payment_proof,test_downpayment.png,N/A,receipts/test_downpayment.png,N/A,"File Missing on Disk"
"Ameer Q Sali",payment_proof,test_downpayment.png,N/A,receipts/test_downpayment.png,N/A,"File Missing on Disk"
"Ahmad R Sali",payment_proof,test_downpayment.png,N/A,receipts/test_downpayment.png,N/A,"File Missing on Disk"
"Jamila S Abdullah",payment_proof,test_downpayment.png,N/A,receipts/test_downpayment.png,N/A,"File Missing on Disk"
"Sofia T Macarambon",payment_proof,test_downpayment.png,N/A,receipts/test_downpayment.png,N/A,"File Missing on Disk"
"Jamila U Sali",payment_proof,test_downpayment.png,N/A,receipts/test_downpayment.png,N/A,"File Missing on Disk"
"Mariam V Sali",payment_proof,test_downpayment.png,N/A,receipts/test_downpayment.png,N/A,"File Missing on Disk"
"Nora W Sali",payment_proof,test_downpayment.png,N/A,receipts/test_downpayment.png,N/A,"File Missing on Disk"
"Omar X Sali",payment_proof,test_downpayment.png,N/A,receipts/test_downpayment.png,N/A,"File Missing on Disk"
"Ahmad Y Dimaporo",payment_proof,test_downpayment.png,N/A,receipts/test_downpayment.png,N/A,"File Missing on Disk"
"Mariam Z Bashier",payment_proof,test_downpayment.png,N/A,receipts/test_downpayment.png,N/A,"File Missing on Disk"
"Jamila A Bashier",payment_proof,test_downpayment.png,N/A,receipts/test_downpayment.png,N/A,"File Missing on Disk"
"Sofia B Macarambon",payment_proof,test_downpayment.png,N/A,receipts/test_downpayment.png,N/A,"File Missing on Disk"
"Ibrahim C Ibrahim",payment_proof,test_downpayment.png,N/A,receipts/test_downpayment.png,N/A,"File Missing on Disk"
"Omar D Ibrahim",payment_proof,test_downpayment.png,N/A,receipts/test_downpayment.png,N/A,"File Missing on Disk"
"Aisha E Ibrahim",payment_proof,test_downpayment.png,N/A,receipts/test_downpayment.png,N/A,"File Missing on Disk"
"Fatima F Pindaton",payment_proof,test_downpayment.png,N/A,receipts/test_downpayment.png,N/A,"File Missing on Disk"
"Ibrahim G Pindaton",payment_proof,test_downpayment.png,N/A,receipts/test_downpayment.png,N/A,"File Missing on Disk"
"Ibrahim H Dimaporo",payment_proof,test_downpayment.png,N/A,receipts/test_downpayment.png,N/A,"File Missing on Disk"
"Ameer I Hassan",payment_proof,test_downpayment.png,N/A,receipts/test_downpayment.png,N/A,"File Missing on Disk"
"Mariam J Abdullah",payment_proof,test_downpayment.png,N/A,receipts/test_downpayment.png,N/A,"File Missing on Disk"
"Hana K Abdullah",payment_proof,test_downpayment.png,N/A,receipts/test_downpayment.png,N/A,"File Missing on Disk"
"Hana L Ebrahim",payment_proof,test_downpayment.png,N/A,receipts/test_downpayment.png,N/A,"File Missing on Disk"
"Fatima M Ebrahim",payment_proof,test_downpayment.png,N/A,receipts/test_downpayment.png,N/A,"File Missing on Disk"
"Khadija N Ebrahim",payment_proof,test_downpayment.png,N/A,receipts/test_downpayment.png,N/A,"File Missing on Disk"
"Sofia O Macarambon",payment_proof,test_downpayment.png,N/A,receipts/test_downpayment.png,N/A,"File Missing on Disk"
"Fatima P Dimaporo",payment_proof,test_downpayment.png,N/A,receipts/test_downpayment.png,N/A,"File Missing on Disk"
"Ameer Q Dimaporo",payment_proof,test_downpayment.png,N/A,receipts/test_downpayment.png,N/A,"File Missing on Disk"
"Sofia R Pindaton",payment_proof,test_downpayment.png,N/A,receipts/test_downpayment.png,N/A,"File Missing on Disk"
"Jamila S Musa",payment_proof,test_downpayment.png,N/A,receipts/test_downpayment.png,N/A,"File Missing on Disk"
"Omar T Dimaporo",payment_proof,test_downpayment.png,N/A,receipts/test_downpayment.png,N/A,"File Missing on Disk"
"Omar U Dimaporo",payment_proof,test_downpayment.png,N/A,receipts/test_downpayment.png,N/A,"File Missing on Disk"
"Omar V Dimaporo",payment_proof,test_downpayment.png,N/A,receipts/test_downpayment.png,N/A,"File Missing on Disk"
"Omar W Macarambon",payment_proof,test_downpayment.png,N/A,receipts/test_downpayment.png,N/A,"File Missing on Disk"
"Omar X Hassan",payment_proof,test_downpayment.png,N/A,receipts/test_downpayment.png,N/A,"File Missing on Disk"
"Yusuf Y Lingasa",payment_proof,test_downpayment.png,N/A,receipts/test_downpayment.png,N/A,"File Missing on Disk"
"Ahmad Z Lingasa",payment_proof,test_downpayment.png,N/A,receipts/test_downpayment.png,N/A,"File Missing on Disk"
"Omar A Ibrahim",payment_proof,test_downpayment.png,N/A,receipts/test_downpayment.png,N/A,"File Missing on Disk"
"Nora B Lingasa",payment_proof,test_downpayment.png,N/A,receipts/test_downpayment.png,N/A,"File Missing on Disk"
"Sofia C Lingasa",payment_proof,test_downpayment.png,N/A,receipts/test_downpayment.png,N/A,"File Missing on Disk"
"Mohammad D Lingasa",payment_proof,test_downpayment.png,N/A,receipts/test_downpayment.png,N/A,"File Missing on Disk"
"Aisha E Hassan",payment_proof,test_downpayment.png,N/A,receipts/test_downpayment.png,N/A,"File Missing on Disk"
"Ibrahim F Hassan",payment_proof,test_downpayment.png,N/A,receipts/test_downpayment.png,N/A,"File Missing on Disk"
"Fatima G Ebrahim",payment_proof,test_downpayment.png,N/A,receipts/test_downpayment.png,N/A,"File Missing on Disk"
"Hana H Ebrahim",payment_proof,test_downpayment.png,N/A,receipts/test_downpayment.png,N/A,"File Missing on Disk"
"Ahmad I Musa",payment_proof,test_downpayment.png,N/A,receipts/test_downpayment.png,N/A,"File Missing on Disk"
"Mariam J Musa",payment_proof,test_downpayment.png,N/A,receipts/test_downpayment.png,N/A,"File Missing on Disk"
"Fatima K Bashier",payment_proof,test_downpayment.png,N/A,receipts/test_downpayment.png,N/A,"File Missing on Disk"
"Yusuf L Bashier",payment_proof,test_downpayment.png,N/A,receipts/test_downpayment.png,N/A,"File Missing on Disk"
"Ibrahim M Bashier",payment_proof,test_downpayment.png,N/A,receipts/test_downpayment.png,N/A,"File Missing on Disk"
"Khadija N Ebrahim",payment_proof,test_downpayment.png,N/A,receipts/test_downpayment.png,N/A,"File Missing on Disk"
"Nora O Dimaporo",payment_proof,test_downpayment.png,N/A,receipts/test_downpayment.png,N/A,"File Missing on Disk"
"Fatima P Dimaporo",payment_proof,test_downpayment.png,N/A,receipts/test_downpayment.png,N/A,"File Missing on Disk"
"Jamila Q Sali",payment_proof,test_downpayment.png,N/A,receipts/test_downpayment.png,N/A,"File Missing on Disk"
"Nora R Hassan",payment_proof,test_downpayment.png,N/A,receipts/test_downpayment.png,N/A,"File Missing on Disk"
"Ahmad S Abdullah",payment_proof,test_downpayment.png,N/A,receipts/test_downpayment.png,N/A,"File Missing on Disk"
"Nora T Abdullah",payment_proof,test_downpayment.png,N/A,receipts/test_downpayment.png,N/A,"File Missing on Disk"
"Mohammad U Abdullah",payment_proof,test_downpayment.png,N/A,receipts/test_downpayment.png,N/A,"File Missing on Disk"
"Nora V Macarambon",payment_proof,test_downpayment.png,N/A,receipts/test_downpayment.png,N/A,"File Missing on Disk"
"Mohammad W Pindaton",payment_proof,test_downpayment.png,N/A,receipts/test_downpayment.png,N/A,"File Missing on Disk"
"Ahmad X Dimaporo",payment_proof,test_downpayment.png,N/A,receipts/test_downpayment.png,N/A,"File Missing on Disk"
"Ahmad Y Dimaporo",payment_proof,test_downpayment.png,N/A,receipts/test_downpayment.png,N/A,"File Missing on Disk"
"Khadija Z Dimaporo",payment_proof,test_downpayment.png,N/A,receipts/test_downpayment.png,N/A,"File Missing on Disk"
"Khadija A Sali",payment_proof,test_downpayment.png,N/A,receipts/test_downpayment.png,N/A,"File Missing on Disk"
"Mariam B Sali",payment_proof,test_downpayment.png,N/A,receipts/test_downpayment.png,N/A,"File Missing on Disk"
"Jamila C Sali",payment_proof,test_downpayment.png,N/A,receipts/test_downpayment.png,N/A,"File Missing on Disk"
"Hana D Ebrahim",payment_proof,test_downpayment.png,N/A,receipts/test_downpayment.png,N/A,"File Missing on Disk"
"Ibrahim E Ebrahim",payment_proof,test_downpayment.png,N/A,receipts/test_downpayment.png,N/A,"File Missing on Disk"
"Yusuf F Hassan",payment_proof,test_downpayment.png,N/A,receipts/test_downpayment.png,N/A,"File Missing on Disk"
"Ibrahim G Rasul",payment_proof,test_downpayment.png,N/A,receipts/test_downpayment.png,N/A,"File Missing on Disk"
"Omar H Musa",payment_proof,test_downpayment.png,N/A,receipts/test_downpayment.png,N/A,"File Missing on Disk"
"Jamila I Musa",payment_proof,test_downpayment.png,N/A,receipts/test_downpayment.png,N/A,"File Missing on Disk"
"Nora J Ampatuan",payment_proof,test_downpayment.png,N/A,receipts/test_downpayment.png,N/A,"File Missing on Disk"
"Mariam K Ampatuan",payment_proof,test_downpayment.png,N/A,receipts/test_downpayment.png,N/A,"File Missing on Disk"
"Jamila L Ampatuan",payment_proof,test_downpayment.png,N/A,receipts/test_downpayment.png,N/A,"File Missing on Disk"
"Ibrahim M Pindaton",payment_proof,test_downpayment.png,N/A,receipts/test_downpayment.png,N/A,"File Missing on Disk"
"Jamila N Musa",payment_proof,test_downpayment.png,N/A,receipts/test_downpayment.png,N/A,"File Missing on Disk"
"Omar O Musa",payment_proof,test_downpayment.png,N/A,receipts/test_downpayment.png,N/A,"File Missing on Disk"
"Jamila P Ali",payment_proof,test_downpayment.png,N/A,receipts/test_downpayment.png,N/A,"File Missing on Disk"
"Sofia Q Pindaton",payment_proof,test_downpayment.png,N/A,receipts/test_downpayment.png,N/A,"File Missing on Disk"
"Jamila R Ampatuan",payment_proof,test_downpayment.png,N/A,receipts/test_downpayment.png,N/A,"File Missing on Disk"
"Khadija S Ampatuan",payment_proof,test_downpayment.png,N/A,receipts/test_downpayment.png,N/A,"File Missing on Disk"
"Ahmad T Ampatuan",payment_proof,test_downpayment.png,N/A,receipts/test_downpayment.png,N/A,"File Missing on Disk"
"Mariam U Ali",payment_proof,test_downpayment.png,N/A,receipts/test_downpayment.png,N/A,"File Missing on Disk"
"Hana V Abdullah",payment_proof,test_downpayment.png,N/A,receipts/test_downpayment.png,N/A,"File Missing on Disk"
"Mariam W Dimaporo",payment_proof,test_downpayment.png,N/A,receipts/test_downpayment.png,N/A,"File Missing on Disk"
"Ahmad X Dimaporo",payment_proof,test_downpayment.png,N/A,receipts/test_downpayment.png,N/A,"File Missing on Disk"
"Hana Y Hassan",payment_proof,test_downpayment.png,N/A,receipts/test_downpayment.png,N/A,"File Missing on Disk"
"Mariam Z Pindaton",payment_proof,test_downpayment.png,N/A,receipts/test_downpayment.png,N/A,"File Missing on Disk"
"Yusuf A Pindaton",payment_proof,test_downpayment.png,N/A,receipts/test_downpayment.png,N/A,"File Missing on Disk"
"Mariam B Pindaton",payment_proof,test_downpayment.png,N/A,receipts/test_downpayment.png,N/A,"File Missing on Disk"
"Mariam C Musa",payment_proof,test_downpayment.png,N/A,receipts/test_downpayment.png,N/A,"File Missing on Disk"
"Mariam D Musa",payment_proof,test_downpayment.png,N/A,receipts/test_downpayment.png,N/A,"File Missing on Disk"
"Ameer E Bashier",payment_proof,test_downpayment.png,N/A,receipts/test_downpayment.png,N/A,"File Missing on Disk"
"Jamila F Bashier",payment_proof,test_downpayment.png,N/A,receipts/test_downpayment.png,N/A,"File Missing on Disk"
"Khadija G Ali",payment_proof,test_downpayment.png,N/A,receipts/test_downpayment.png,N/A,"File Missing on Disk"
"Jamila H Ali",payment_proof,test_downpayment.png,N/A,receipts/test_downpayment.png,N/A,"File Missing on Disk"
"Ahmad I Pindaton",payment_proof,test_downpayment.png,N/A,receipts/test_downpayment.png,N/A,"File Missing on Disk"
"Jamila J Pindaton",payment_proof,test_downpayment.png,N/A,receipts/test_downpayment.png,N/A,"File Missing on Disk"
"Khadija K Pindaton",payment_proof,test_downpayment.png,N/A,receipts/test_downpayment.png,N/A,"File Missing on Disk"
"Mohammad L Lingasa",payment_proof,test_downpayment.png,N/A,receipts/test_downpayment.png,N/A,"File Missing on Disk"
"Jamila M Lingasa",payment_proof,test_downpayment.png,N/A,receipts/test_downpayment.png,N/A,"File Missing on Disk"
"Jamila N Lingasa",payment_proof,test_downpayment.png,N/A,receipts/test_downpayment.png,N/A,"File Missing on Disk"
"Sofia O Pindaton",payment_proof,test_downpayment.png,N/A,receipts/test_downpayment.png,N/A,"File Missing on Disk"
"Fatima P Bashier",payment_proof,test_downpayment.png,N/A,receipts/test_downpayment.png,N/A,"File Missing on Disk"
"Nora Q Sali",payment_proof,test_downpayment.png,N/A,receipts/test_downpayment.png,N/A,"File Missing on Disk"
"Ibrahim R Sali",payment_proof,test_downpayment.png,N/A,receipts/test_downpayment.png,N/A,"File Missing on Disk"
"Ahmad S Sali",payment_proof,test_downpayment.png,N/A,receipts/test_downpayment.png,N/A,"File Missing on Disk"
"Sofia T Hassan",payment_proof,test_downpayment.png,N/A,receipts/test_downpayment.png,N/A,"File Missing on Disk"
"Omar U Hassan",payment_proof,test_downpayment.png,N/A,receipts/test_downpayment.png,N/A,"File Missing on Disk"
"Nora V Bashier",payment_proof,test_downpayment.png,N/A,receipts/test_downpayment.png,N/A,"File Missing on Disk"
"Fatima W Bashier",payment_proof,test_downpayment.png,N/A,receipts/test_downpayment.png,N/A,"File Missing on Disk"
"Aisha X Abdullah",payment_proof,test_downpayment.png,N/A,receipts/test_downpayment.png,N/A,"File Missing on Disk"
"Yusuf Y Ali",payment_proof,test_downpayment.png,N/A,receipts/test_downpayment.png,N/A,"File Missing on Disk"
"Ibrahim Z Ali",payment_proof,test_downpayment.png,N/A,receipts/test_downpayment.png,N/A,"File Missing on Disk"
"Hana A Ali",payment_proof,test_downpayment.png,N/A,receipts/test_downpayment.png,N/A,"File Missing on Disk"
"Jamila B Ibrahim",payment_proof,test_downpayment.png,N/A,receipts/test_downpayment.png,N/A,"File Missing on Disk"
"Nora C Ibrahim",payment_proof,test_downpayment.png,N/A,receipts/test_downpayment.png,N/A,"File Missing on Disk"
"Fatima D Hassan",payment_proof,test_downpayment.png,N/A,receipts/test_downpayment.png,N/A,"File Missing on Disk"
"Omar E Dimaporo",payment_proof,test_downpayment.png,N/A,receipts/test_downpayment.png,N/A,"File Missing on Disk"
"Yusuf F Bashier",payment_proof,test_downpayment.png,N/A,receipts/test_downpayment.png,N/A,"File Missing on Disk"
"Jamila G Bashier",payment_proof,test_downpayment.png,N/A,receipts/test_downpayment.png,N/A,"File Missing on Disk"
"Sofia H Dimaporo",payment_proof,test_downpayment.png,N/A,receipts/test_downpayment.png,N/A,"File Missing on Disk"
"Ibrahim I Dimaporo",payment_proof,test_downpayment.png,N/A,receipts/test_downpayment.png,N/A,"File Missing on Disk"
"Yusuf J Dimaporo",payment_proof,test_downpayment.png,N/A,receipts/test_downpayment.png,N/A,"File Missing on Disk"
"Sofia K Ampatuan",payment_proof,test_downpayment.png,N/A,receipts/test_downpayment.png,N/A,"File Missing on Disk"
"Yusuf L Sali",payment_proof,test_downpayment.png,N/A,receipts/test_downpayment.png,N/A,"File Missing on Disk"
"Ahmad M Sali",payment_proof,test_downpayment.png,N/A,receipts/test_downpayment.png,N/A,"File Missing on Disk"
"Ahmad N Musa",payment_proof,test_downpayment.png,N/A,receipts/test_downpayment.png,N/A,"File Missing on Disk"
"Nora O Rasul",payment_proof,test_downpayment.png,N/A,receipts/test_downpayment.png,N/A,"File Missing on Disk"
"Omar P Rasul",payment_proof,test_downpayment.png,N/A,receipts/test_downpayment.png,N/A,"File Missing on Disk"
"Ameer Q Rasul",payment_proof,test_downpayment.png,N/A,receipts/test_downpayment.png,N/A,"File Missing on Disk"
"Jamila R Rasul",payment_proof,test_downpayment.png,N/A,receipts/test_downpayment.png,N/A,"File Missing on Disk"
"MON ZHAIREL BADIL LINGASA",2x2,vaoccRK0VgGN1JX1ZT37hml8OyKV5AI9hAPqgot1.jpg,2x2_1207_LINGASA_MONZHAIREL.jpg,documents/1207/vaoccRK0VgGN1JX1ZT37hml8OyKV5AI9hAPqgot1.jpg,documents/1207_LINGASA_MONZHAIREL/2x2/2x2_1207_LINGASA_MONZHAIREL.jpg,Success
"MON ZHAIREL BADIL LINGASA",payment_proof,WNZfpNMkWMBkCgJOkoPnUKSXUT1n1B4Jkd0Qh0zO.png,payment_proof_1207_LINGASA_MONZHAIREL.png,payments/WNZfpNMkWMBkCgJOkoPnUKSXUT1n1B4Jkd0Qh0zO.png,documents/1207_LINGASA_MONZHAIREL/payment_proof/payment_proof_1207_LINGASA_MONZHAIREL.png,Success
"asdf asdfsad tester",2x2,0uAk7mcnWn3aaQafWrUdMiCxLRlsrB4folYDPael.jpg,2x2_1216_TESTER_ASDF.jpg,documents/1216/0uAk7mcnWn3aaQafWrUdMiCxLRlsrB4folYDPael.jpg,documents/1216_TESTER_ASDF/2x2/2x2_1216_TESTER_ASDF.jpg,Success
"asdf asdfsad tester",affidavit,affidavit-undertaking-20260526164812.pdf,affidavit_1216_TESTER_ASDF.pdf,documents/1216/affidavit-undertaking-20260526164812.pdf,documents/1216_TESTER_ASDF/affidavit/affidavit_1216_TESTER_ASDF.pdf,Success
"SADFSDF SADFASDFSADF FSAFSA",2x2,HZxqO4AGn1FcwqF4ob2hlZIJqt4iGhxOi4gRbnU5.jpg,2x2_1217_FSAFSA_SADFSDF.jpg,documents/1217/HZxqO4AGn1FcwqF4ob2hlZIJqt4iGhxOi4gRbnU5.jpg,documents/1217_FSAFSA_SADFSDF/2x2/2x2_1217_FSAFSA_SADFSDF.jpg,Success
"SADFSDF SADFASDFSADF FSAFSA",payment_proof,HeVQJeyEcKyJ1k7FZVvj1Ifox0HRvwafDOWYNYDH.jpg,payment_proof_1217_FSAFSA_SADFSDF.jpg,documents/1217/HeVQJeyEcKyJ1k7FZVvj1Ifox0HRvwafDOWYNYDH.jpg,documents/1217_FSAFSA_SADFSDF/payment_proof/payment_proof_1217_FSAFSA_SADFSDF.jpg,Success
"TESTER TESTER TESTER",2x2,2x2_tester_tester_tester_grade_11.JPG,2x2_1221_TESTER_TESTER.jpg,documents/family_tester_2026-2027/tester_tester_tester_grade_11/2x2_tester_tester_tester_grade_11.JPG,documents/1221_TESTER_TESTER/2x2/2x2_1221_TESTER_TESTER.jpg,Success
"TESTER TESTER TESTER",birth_certificate,birth_certificate_tester_tester_tester_grade_11.JPG,birth_certificate_1221_TESTER_TESTER.jpg,documents/family_tester_2026-2027/tester_tester_tester_grade_11/birth_certificate_tester_tester_tester_grade_11.JPG,documents/1221_TESTER_TESTER/birth_certificate/birth_certificate_1221_TESTER_TESTER.jpg,Success
"TESTER TESTER TESTER",marriage_contract,marriage_contract_tester_tester_tester_grade_11.JPG,marriage_contract_1221_TESTER_TESTER.jpg,documents/family_tester_2026-2027/tester_tester_tester_grade_11/marriage_contract_tester_tester_tester_grade_11.JPG,documents/1221_TESTER_TESTER/marriage_contract/marriage_contract_1221_TESTER_TESTER.jpg,Success
"TESTER TESTER TESTER",medical_record,medical_record_tester_tester_tester_grade_11.JPG,medical_record_1221_TESTER_TESTER.jpg,documents/family_tester_2026-2027/tester_tester_tester_grade_11/medical_record_tester_tester_tester_grade_11.JPG,documents/1221_TESTER_TESTER/medical_record/medical_record_1221_TESTER_TESTER.jpg,Success
"TESTER TESTER TESTER",payment_proof,payment_receipt_tester_1779881433.png,payment_proof_1221_TESTER_TESTER.png,documents/family_tester_2026-2027/payment_receipt_tester_1779881433.png,documents/1221_TESTER_TESTER/payment_proof/payment_proof_1221_TESTER_TESTER.png,Success
